old_id,new_id,name,dynasty
p_x00657,p_chengwei,程衛,東晉
p_x00700,p_gongsunjue,公孫玃,西漢
p_x01286,p_caoshenggong,曹聲公,先秦
p_x01489,p_lizhong_sg,李重,三國
p_x01587,p_wangzibing,王子炳,東漢
p_x01611,p_huqian,胡潛,三國
p_x01788,p_jiaodongaiwang,膠東哀王,漢
p_x02435,p_diaoxie,刁協,東晉
p_x02558,p_lichan,李產,十六國
p_x02857,p_xiafang,夏方,東晉
p_x03061,p_liuyin,劉胤,東晉
p_x03118,p_gongzishangren,公子商人,西漢
p_x03297,p_suodan,索紞,十六國
p_x03472,p_wuxiaowang,吳孝王,先秦
p_x03492,p_xumiao,徐苗,東晉
p_x03549,p_liuhong_js,劉弘,東晉
p_x03553,p_gongsunlu,公孫祿,西漢
p_x03710,p_kongyan,孔衍,東晉
p_x03821,p_songdeng,宋登,東漢
p_x03873,p_cenzhi,岑晊,東漢
p_x04223,p_caiwengong,蔡文公,先秦
p_x04400,p_mengjia,孟嘉,東晉
p_x04576,p_zhouzhenwang,周貞王,先秦
p_x04635,p_wenxian,溫羨,三國
p_x04718,p_shengyan,盛彥,東晉
p_x04792,p_tangzi,唐諮,東漢
p_x04854,p_dengyue,鄧嶽,東晉
p_x04934,p_maorong,茅容,東漢
p_x04988,p_renbuqi,任不齊,春秋
p_x05255,p_dingshao,丁紹,三國
p_x05326,p_guoqi,郭琦,東晉
p_x05562,p_weihuan,魏桓,東漢
p_x05895,p_wangzichao_hs,王子晁,西漢
p_x06298,p_caiyan,蔡衍,東漢
p_x06864,p_huatan,華譚,上古
p_x06915,p_ruanzhong,阮種,上古
p_x06916,p_weiying,魏應,東漢
p_x07119,p_sunqi,孫期,東漢
p_x07164,p_murongchong,慕容沖,晉
p_x07308,p_yunchang,雲敞,西漢
p_x07538,p_chenlin,陳琳,三國
p_x07719,p_lujiehou,魯節侯,先秦
p_x07858,p_chenxiaogong,陳孝公,漢
p_x08114,p_zhangjian,張儉,東漢
p_x08116,p_wangzidi,王子迪,晉
p_x08259,p_lukaogong,魯考公,先秦
p_x08760,p_zhangmao,張茂,東晉
p_x09332,p_qiyangong,齊嚴公,先秦
p_x09485,p_sunshuo,孫鑠,三國
p_x09848,p_sunchu,孫楚,東晉
p_x10244,p_zhoufang,周魴,三國
p_x10324,p_luye,陸曄,東晉
p_x10407,p_sujun,蘇峻,東晉
p_x10415,p_gongsungong,公孫恭,三國
p_x10458,p_gongsunpu,公孫酺,東漢
p_x10721,p_caichenggong,蔡成公,先秦
p_x10756,p_yuanfu,袁甫,上古
p_x11185,p_zhangkai,張闓,東晉
p_x11434,p_luligong_hhs,魯厲公,漢
p_x11435,p_qichenqi,齊陳乞,西漢
p_x11927,p_shibao,石苞,三國
p_x11995,p_chenshao,陳邵,東晉
p_x12069,p_wangzimao,王子髦,三國
p_x12205,p_dongyang,董養,東晉
p_x12391,p_gongziguang,公子光,西漢
p_x12510,p_qiligong_hhs,杞釐公,漢
p_x12538,p_gongziduan,公子褍,先秦
p_x12588,p_liyin,李胤,三國
p_x12592,p_jizhan,紀瞻,東晉
p_x12870,p_wangziji,王子緝,晉
p_x12980,p_zhangshanfu,張山拊,西漢
p_x12985,p_qinxianwang,秦獻王,先秦
p_x13151,p_chengyangxiaowang,城陽孝王,漢
p_x13187,p_mengmin,孟敏,東漢
p_x13395,p_xuguang,徐廣,東晉
p_x13603,p_liuxia,劉遐,東晉
p_x13701,p_zhaoaiwang,趙哀王,漢
p_x13713,p_zhudaogong,邾悼公,先秦
p_x13772,p_shizuoshu,石作蜀,春秋
p_x14696,p_chenxiang,陳翔,東漢
p_x14745,p_gongsunyong_hhs,公孫永,東漢
p_x15008,p_daifeng,戴封,東漢
p_x15167,p_gongzilvji,公子呂伋,西漢
p_x15477,p_liuchao_js,劉超,東晉
p_x15588,p_diwangyi,翟王翳,西漢
p_x15842,p_liutan,劉惔,東晉
p_x15988,p_xiahouxuan,夏侯玄,晉
p_x16582,p_xiagong,夏恭,東漢
p_x16782,p_nangongkuo,南宮括,春秋
p_x16931,p_xizaochi,習鑿齒,東晉
p_x17081,p_hexun,賀循,東晉
p_x17095,p_caiyanhou,蔡嚴侯,先秦
p_x17098,p_renxu,任旭,東晉
p_x17218,p_dengai,鄧艾,三國
p_x17336,p_yanjingwang,燕敬王,先秦
p_x17461,p_songligong,宋厲公,漢
p_x17686,p_jiaodongqingwang,膠東頃王,漢
p_x17708,p_liuyao_sg,劉繇,三國
p_x17811,p_dailu,戴逯,東晉
p_x17908,p_zhangwen,張溫,三國
p_x17925,p_mifang,糜芳,三國
p_x18195,p_gongsunxi_hs,公孫習,西漢
p_x18365,p_liudai,劉岱,東漢
p_x18521,p_zhangxuan,張玄,東漢
p_x18742,p_gongzizhou_zh,公子周,先秦
p_x18758,p_liumao,劉茂,東漢
p_x18900,p_murongping,慕容評,晉
p_x18991,p_jiangyou,江逌,東晉
p_x19206,p_jinanhuiwang,濟南惠王,晉
p_x19305,p_gongsunpang,公孫滂,西漢
p_x19393,p_gongzini,公子溺,西漢
p_x19491,p_liangzhan,梁鱣,春秋
p_x19735,p_pangyu,龐淯,東漢
p_x19946,p_gongzitu,公子突,西漢
p_x20210,p_jiyi,吉挹,東晉
p_x20298,p_wangzichang,王子昌,晉
p_x20422,p_dengyang,鄧颺,晉
p_x20448,p_wenxu,溫序,東漢
p_x20611,p_gongsundu,公孫犢,三國
p_x20963,p_zuorenying,左人郢,春秋
p_x21001,p_changshanjingwang,常山景王,晉
p_x21260,p_gongzihei,公子黑,先秦
p_x22179,p_gongsunhun,公孫渾,西漢
p_x22483,p_linjiangaiwang,臨江哀王,漢
p_x22563,p_gongsunhong_js,公孫宏,晉
p_x22694,p_caishun,蔡順,東漢
p_x22919,p_cuiyan,崔琰,東漢
p_x23290,p_huanghong,黃泓,十六國
p_x23395,p_hanji,韓績,東晉
p_x23437,p_zhuhuan,朱桓,三國
p_x23545,p_cheyin,車胤,東晉
p_x23791,p_zhengqinghou,鄭頃侯,漢
p_x24011,p_gongzifeng,公子馮,先秦
p_x24124,p_cheji,車濟,東晉
p_x24670,p_wangzishao,王子紹,西漢
p_x25027,p_ganzhuo,甘卓,東晉
p_x25044,p_cuihong,崔洪,東晉
p_x25302,p_lizhang,李章,東漢
p_x25492,p_guosi,郭汜,東漢
p_x25505,p_zhaojiewang,趙節王,先秦
p_x25852,p_yingchang,應瑒,三國
p_x25867,p_wenpin,文聘,東漢
p_x25877,p_sunfu,孫輔,三國
p_x25959,p_zhangzhong,張忠,東晉
p_x26238,p_mengxi,孟喜,西漢
p_x26368,p_gongziqin,公子勤,三國
p_x26382,p_guoyu_js,郭瑀,東晉
p_x26406,p_xiafu,夏馥,東漢
p_x26409,p_diliao,翟遼,晉
p_x26548,p_zhangjian_hhs,張臶,東漢
p_x26598,p_zhaoye,趙曄,東漢
p_x26791,p_xuyang,許楊,東漢
p_x26793,p_gongsunfeng,公孫鳳,晉
p_x26813,p_yinhao,殷浩,東晉
p_x26908,p_caimo,蔡謨,東晉
p_x27724,p_suolufang,索盧放,東漢
p_x27780,p_lixi_sg,李憙,三國
p_x28021,p_dukui,杜夔,東漢
p_x28211,p_guanglingmouwang,廣陵繆王,漢
p_x28307,p_songligong_hhs,宋釐公,漢
p_x28360,p_tianxian,田閒,東漢
p_x28400,p_wangzian,王子安,東漢
p_x28406,p_dutao,杜弢,東晉
p_x28427,p_chengyanghuiwang,城陽惠王,西漢
p_x28530,p_jinjinggong_zh,晉靖公,先秦
p_x28606,p_dengyou,鄧攸,三國
p_x28614,p_wangzixiu,王子脩,晉
p_x28671,p_yanyanhou,燕嚴侯,先秦
p_x28881,p_chenhuwang,陳胡王,先秦
p_x29005,p_wangsongshou,王松壽,晉
p_x29127,p_shijian,石鑒,三國
p_x29129,p_zhengzhaojun,鄭昭君,先秦
p_x29596,p_wangzishi,王子師,晉
p_x29898,p_murongke,慕容恪,晉
p_x30093,p_chenyougong,陳幽公,先秦
p_x30147,p_jiaodonggongwang,膠東共王,西漢
p_x30364,p_dongjun,董鈞,東漢
p_x30605,p_gongziji,公子稷,先秦
p_x30627,p_gongzibi,公子比,西漢
p_x30629,p_liangqiuci,梁丘賜,東漢
p_x30718,p_duanyi,段翳,東漢
p_x30872,p_tengxiu,滕修,東晉
p_x31111,p_guozhang,郭彰,三國
p_x31129,p_zhanghan_js,張翰,東晉
p_x31614,p_zongci,宗慈,東漢
p_x31865,p_gongzihui_zh,公子燬,先秦
p_x31900,p_mengguan,孟觀,西晉
p_x32178,p_zhonghui,鍾會,三國
p_x32554,p_lushanggong,魯殤公,先秦
p_x32579,p_chenyuanda,陳元達,十六國
p_x32588,p_gongzizhuishu,公子追舒,西漢
p_x32693,p_daikui,戴逵,東晉
p_x32917,p_songguo,宋果,東漢
p_x33281,p_futao,伏滔,東晉
p_x33318,p_zhenggonggong,鄭共公,先秦
p_x33438,p_yinmin,尹敏,東漢
p_x33573,p_mengshu,孟叔,東漢
p_x33579,p_gongsunteng,公孫滕,三國
p_x33712,p_wangqinlu,王欽盧,晉
p_x33844,p_qishangwang,齊殤王,先秦
p_x33853,p_wangzifa,王子法,晉
p_x33942,p_hechong,何充,東晉
p_x33991,p_liuzhen_sg,劉楨,三國
p_x34351,p_fanye,樊曄,東漢
p_x34391,p_xiangxiu,向秀,東晉
p_x34426,p_liubian_js,劉卞,東晉
p_x34435,p_zhuyingong,邾隱公,先秦
p_x34494,p_jiaodongdaiwang,膠東戴王,西漢
p_x34900,p_gongsunzai,公孫宰,東漢
p_x35605,p_gongzishuo,公子朔,先秦
p_x35733,p_liangqiuhe,梁丘賀,西漢
p_x36245,p_liaofu,廖扶,東漢
p_x36277,p_zhuwengong,邾文公,先秦
p_x36432,p_chenmin,陳敏,東晉
p_x36582,p_gongsundou,公孫豆,東漢
p_x36607,p_yujun,庾峻,晉
p_x36630,p_chenzhong,陳重,東漢
p_x36709,p_guzhong,顧衆,東晉
p_x36728,p_wangzizhi,王子支,先秦
p_x37119,p_gongsunmo,公孫模,三國
p_x37243,p_sunfen,孫奮,三國
p_x37274,p_dingtan,丁潭,東晉
p_x37398,p_yanwen,閻溫,東漢
p_x38052,p_gongzichi,公子赤,先秦
p_x38091,p_gongziwu,公子毋,西漢
p_x38160,p_huanyi_js,桓彝,東晉
p_x38187,p_qinyanxiangwang,秦嚴襄王,先秦
p_x38831,p_xunkai,荀闓,東晉
p_x38853,p_douyun,竇允,三國
p_x38881,p_luyangong,魯嚴公,先秦
p_x39296,p_gongsunti,公孫提,東漢
p_x39686,p_yuhugong,虞胡公,先秦
p_x40001,p_lvkai,呂凱,三國
p_x40431,p_dengaiwang,鄧哀王,先秦
p_x40464,p_sunsheng,孫盛,東晉
p_x40624,p_gongsunrongnu,公孫戎奴,西漢
p_x40625,p_xuyi,徐奕,東漢
p_x40656,p_zhoufang_js,周訪,東晉
p_x40762,p_huabiao,華表,三國
p_x40880,p_liju_sgl,李矩,十六國
p_x40921,p_ruanyu,阮瑀,三國
p_x41026,p_zhengchong,鄭沖,三國
p_x41147,p_tengwengong,滕文公,先秦
p_x41251,p_guanglingxiaowang,廣陵孝王,漢
p_x41295,p_zhanghao_hhs,張晧,東漢
p_x41314,p_wangziang,王子卬,西漢
p_x41347,p_zhangchao,張超,東漢
p_x41509,p_jikang,嵇康,東晉
p_x41599,p_gongsunyu,公孫於,西漢
p_x42070,p_zhouzhaowang,周昭王,先秦
p_x42194,p_wangziwu,王子郚,西漢
p_x42389,p_basu,巴肅,東漢
p_x42964,p_wangzidian,王子玷,晉
p_x43098,p_jinlihou_hhs,晉厲侯,漢
p_x43163,p_sungui,孫晷,東晉
p_x43340,p_xiezhen,謝甄,東漢
p_x43511,p_hezeng,何曾,三國
p_x43773,p_cuiyou,崔遊,東晉
p_x43778,p_gongsunxia,公孫夏,西漢
p_x43884,p_liuru,劉儒,東漢
p_x44123,p_wangzilie,王子列,西漢
p_x44361,p_xieshen,謝沈,東晉
p_x44435,p_xumai,許邁,東晉
p_x44625,p_gongsunzhao,公孫昭,三國
p_x45553,p_wangzile,王子扐,西漢
p_x45696,p_gongsunbing,公孫病,西漢
p_x46360,p_yanqingdi,嚴青翟,西漢
p_x46383,p_xunyi,荀顗,東晉
p_x46763,p_gongziji_zh,公子蟣,先秦
p_x46879,p_cailihou_hhs,蔡厲侯,漢
p_x46945,p_duzhen,杜軫,三國
p_x46996,p_gongzizhan,公子戰,先秦
p_x47203,p_songmingong_hhs,宋閔公,漢
p_x47440,p_sunhe,孫和,三國
p_x47613,p_dufu,杜撫,東漢
p_x47673,p_wangziwu_hs,王子武,西漢
p_x47753,p_zhongya,鍾雅,東晉
p_x47838,p_jiapi,賈疋,西晉
p_x47870,p_gongsunhong_hs,公孫閎,西漢
p_x47973,p_gongziji_sg,公子棘,三國
p_x48111,p_caoyangong,曹嚴公,先秦
p_x48267,p_wangzishu,王子叔,晉
p_x48427,p_yuangui,袁瑰,東晉
p_x48537,p_gehong,葛洪,東晉
p_x48538,p_caipinggong,蔡平公,先秦
p_x48640,p_yangwu,陽騖,十六國
p_x48757,p_gongsunjie,公孫婕,西漢
p_x48952,p_tangbin,唐彬,三國
p_x48988,p_lihan,李含,西晉
p_x49026,p_shichou,施讎,西漢
p_x49149,p_zhuran,朱然,晉
p_x49224,p_maojie,毛玠,東漢
p_x49449,p_wuyou_hhs,吳佑,東漢
p_x49492,p_duanzhuo,段灼,西漢
p_x49577,p_lvju,呂據,晉
p_x49652,p_peixiu,裴秀,東晉
p_x49668,p_wangzihong,王子紘,晉
p_x49741,p_wangzijing,王子經,東漢
p_x49765,p_guanglingjingwang,廣陵靖王,東漢
p_x49824,p_xinmi,辛謐,東晉
p_x49922,p_xiekun,謝鯤,晉
p_x49954,p_wangliao_hhs,王廖,東漢
p_x50134,p_guowen,郭文,東晉
p_x50373,p_daiyang,戴洋,十六國
p_x50392,p_xueying,薛瑩,晉
p_x50419,p_hejianhuiwang,河間惠王,西漢
p_x50837,p_jinjinghou,晉靖侯,先秦
p_x51087,p_songyangong,宋嚴公,先秦
p_x51165,p_fangfeng,房鳳,西漢
p_x51412,p_wangziyan,王子偃,西漢
p_x51808,p_qinyangong,秦嚴公,先秦
p_x51834,p_gongzizha,公子札,西漢
p_x52008,p_wangzizuan,王子纘,東漢
p_x52014,p_langxiedaowang,琅邪悼王,晉
p_x52046,p_maobo,毛伯,西漢
p_x52563,p_gongzimuyi,公子目夷,西漢
p_x52678,p_xingyong,邢顒,東漢
p_x52791,p_zhoujianwang,周簡王,先秦
p_x52827,p_liuliang,劉梁,東漢
p_x52961,p_yangjian,羊鑒,東晉
p_x53159,p_yinzhongkan,殷仲堪,晉
p_x53178,p_zhaoxiangwang,趙襄王,先秦
p_x53462,p_zhangxun,張馴,東漢
p_x53653,p_biankun,卞壼,東晉
p_x53820,p_caopi_js,曹毗,東晉
p_x53840,p_louxuan,樓玄,三國
p_x54271,p_zhanganshi,張安世,西漢
p_x54307,p_liushi,劉寔,三國
p_x54402,p_wangzicheng,王子城,三國
p_x54570,p_zhoufang_hhs,周防,東漢
p_x54664,p_baoxun,鮑勛,東漢
p_x55258,p_caiwuaiwang,蔡武哀王,先秦
p_x55367,p_luqin,盧欽,三國
p_x55451,p_qinligong,秦厲公,漢
p_x55492,p_luotong,駱統,三國
p_x55529,p_dongjingdao,董景道,東晉
p_x55550,p_yankaogong,燕考公,先秦
p_x55797,p_yanmouhou,燕繆侯,漢
p_x55817,p_yinwei,尹緯,十六國
p_x55993,p_duanganmu,段幹木,東漢
p_x56151,p_wujingwang,吳敬王,先秦
p_x56173,p_gongsunwu,公孫五,晉
p_x56324,p_caoceng,曹曾,東漢
p_x56356,p_huoyuan,霍原,東晉
p_x56804,p_wangzibo,王子博,晉
p_x56819,p_qinghekangwang,清河康王,晉
p_x56875,p_yanzuan,閻纘,西漢
p_x57052,p_huangyun,黃允,東漢
p_x57064,p_dairuosi,戴若思,晉
p_x57078,p_caiwuhou,蔡武侯,先秦
p_x57128,p_ranji,冉季,春秋
p_x57331,p_liuxiahui,柳下惠,東漢
p_x58047,p_hufen,胡奮,東晉
p_x58049,p_gongsunhang,公孫珩,三國
p_x58248,p_yangzheng,楊政,東漢
p_x58280,p_wangziliu,王子六,西漢
p_x58321,p_luqingwang,魯頃王,漢
p_x58669,p_gongziban_hs,公子班,西漢
p_x58966,p_gongziyuan,公子元,先秦
p_x59011,p_wangzichang_hhs,王子萇,東漢
p_x59067,p_gongziwei,公子圍,西漢
p_x59178,p_wangzizan,王子贊,三國
p_x59213,p_luohan,羅含,東晉
p_x59445,p_chenyun,陳頵,東晉
p_x59556,p_panjing,潘京,三國
p_x59564,p_zhuyangong,邾嚴公,先秦
p_x59646,p_chuyanwang,楚嚴王,先秦
p_x59748,p_caizhaogong,蔡昭公,先秦
p_x59966,p_wangzirui,王子叡,三國
p_x60054,p_zhangyang,張楊,東漢
p_x60172,p_luji_sg,陸機,三國
p_x60382,p_kongyu_hhs,孔昱,東漢
p_x60421,p_hejiao,和嶠,東晉
p_x60669,p_luaiwang,魯哀王,漢
p_x60809,p_heyan,何晏,晉
p_x60922,p_hulanzhi,狐蘭支,西漢
p_x61027,p_qiwugong,齊武公,先秦
p_x61142,p_gongsunzi,公孫茲,西漢
p_x61315,p_caoshu,曹攄,三國
p_x61420,p_gongziyan,公子延,先秦
p_x61509,p_gongziren,公子壬,先秦
p_x61550,p_murongyong,慕容永,晉
p_x61761,p_xuzi,許孜,東晉
p_x61838,p_zhanghua,張華,東晉
p_x61862,p_gongziqianmou,公子黔牟,西漢
p_x62437,p_qijiangong_zh,杞簡公,先秦
p_x62759,p_gongzimanman,公子曼滿,西漢
p_x62983,p_duqiong,杜瓊,三國
p_x63148,p_zhouhuaihou,周懷侯,先秦
p_x63464,p_wangzize,王子擇,東漢
p_x63614,p_maobao,毛寶,東晉
p_x63798,p_liuyan4,劉琰,三國
p_x63974,p_hanheng,韓恆,十六國
p_x64072,p_dailiang,戴良,東漢
p_x64133,p_zhoukangwang,周康王,先秦
p_x64177,p_songju,宋矩,東晉
p_x64810,p_wangzixi,王子晳,西漢
p_x65594,p_liuxuan_hhs,劉宣,東漢
p_x65787,p_chengyangdaiwang,城陽戴王,西漢
p_x66019,p_zhouyi,周顗,晉
p_x66377,p_jinshanggong,晉殤公,先秦
p_x66414,p_chudaogong,楚悼公,先秦
p_x66693,p_zhangzhonghua,張重華,晉
p_x67108,p_caoxu,曹卹,春秋
p_x67252,p_mourong_hhs,繆肜,東漢
p_x67310,p_yinzhongwen,殷仲文,晉
p_x67430,p_caibao,蔡豹,東晉
p_x67462,p_qiwuminwang,齊武閔王,先秦
p_x67525,p_yangyu,陽裕,十六國
p_x67766,p_dingmu,丁穆,東晉
p_x67779,p_pengyang,彭羕,三國
p_x67901,p_zhangkuang,張匡,東漢
p_x67927,p_sunen,孫恩,東晉
p_x68033,p_chengyangaiwang,城陽哀王,晉
p_x68131,p_chenhuanhou,陳桓侯,先秦
p_x68724,p_jibeihuiwang,濟北惠王,東漢
p_x69400,p_zhaomouwang,趙繆王,漢
p_x69429,p_puyangxing,濮陽興,三國
p_x69437,p_duyi,杜夷,東晉
p_x69565,p_guanglingsiwang,廣陵思王,漢
p_x69804,p_zhangtianxi,張天錫,晉
p_x69835,p_zhangguang,張光,東晉
p_x70018,p_wangzixuan,王子宣,晉
p_x70062,p_wuchao,伍朝,東晉
p_x70177,p_hanshuo,韓説,東漢
p_x70299,p_zhouze,周澤,東漢
p_x70356,p_zouzhan,鄒湛,東晉
p_x70642,p_gongsunchuang,公孫創,西漢
p_x70777,p_wangziwu2,王子五,西漢
p_x70791,p_huayi,華軼,東晉
p_x70801,p_liyan_hhs,酈炎,東漢
p_x71010,p_hexi,何熙,東漢
p_x71075,p_yangzhi,羊陟,東漢
p_x71366,p_renmo,任末,東漢
p_x71531,p_gongsunhui,公孫恢,東漢
p_x71954,p_gegong,葛龔,東漢
p_x72324,p_wangzihuan,王子桓,西漢
p_x72528,p_gongzicheng_sg,公子乘,三國
p_x72698,p_yanji_zh,燕伋,春秋
p_x72739,p_zhongxing,鍾興,東漢
p_x72805,p_murongzhong,慕容鐘,十六國
p_x73105,p_gongziqi,公子起,先秦
p_x73179,p_hekui,何夔,東漢
p_x73466,p_chunyuzhi,淳于智,十六國
p_x73592,p_wangziyong,王子雍,晉
p_x73616,p_chulihou,楚厲侯,漢
p_x73621,p_gongsunkang,公孫康,東漢
p_x73650,p_gongzimou,公子牟,西漢
p_x73700,p_limi,李密,東晉
p_x73830,p_guohe,郭荷,東晉
p_x74134,p_yinshang,尹賞,西漢
p_x74163,p_qixianwang,齊獻王,先秦
p_x74860,p_xuejian,薛兼,東晉
p_x74879,p_chuqingwang,楚頃王,先秦
p_x74895,p_zuosi,左思,東晉
p_x75051,p_lizhuan,李譔,三國
p_x75197,p_leiyi,雷義,東漢
p_x75209,p_liufang,劉放,東漢
p_x75320,p_gongzishen,公子申,西漢
p_x75350,p_qinghexiaowang,清河孝王,漢
p_x75454,p_xinmian,辛勉,東晉
p_x75491,p_weiman_hhs,魏滿,東漢
p_x75578,p_liuli_sg,劉理,三國
p_x75652,p_sangyu,桑虞,東晉
p_x76007,p_liuyou_hhs,劉祐,東漢
p_x76185,p_gongsunju,公孫舉,東漢
p_x76271,p_zhangfan,張範,東漢
p_x76371,p_guoyi,郭奕,東晉
p_x76892,p_yucheng,庾乘,東漢
p_x76935,p_gongsunchu,公孫楚,西漢
p_x76960,p_liuling,劉伶,東晉
p_x76990,p_bizhuo,畢卓,東晉
p_x77104,p_yuchan,庾闡,東晉
p_x77142,p_panyue,潘岳,商
p_x77449,p_zhuchong,朱沖,東晉
p_x77504,p_zhoujia,周嘉,東漢
p_x77600,p_luyougong,魯幽公,先秦
p_x77882,p_heqian,何謙,東晉
p_x77956,p_panjun_js,潘浚,晉
p_x78119,p_gongzhuang,龔壯,東晉
p_x78137,p_qixiangong,齊獻公,先秦
p_x78282,p_caihong,蔡洪,東晉
p_x78389,p_yangren,楊仁,東漢
p_x79221,p_gongzikuan,公子寬,西漢
p_x79404,p_wangzimeng,王子猛,東漢
p_x79876,p_chengceng,程曾,東漢
p_x80002,p_gongsunjia,公孫賈,先秦
p_x80111,p_zhaoqingwang,趙頃王,漢
p_x80159,p_zhaoyou,趙誘,東晉
p_x80266,p_gongsunyin,公孫隱,西漢
p_x80295,p_shiqing,石慶,西漢
p_x80304,p_zhengyangong,鄭嚴公,先秦
p_x80313,p_wangchang_hhs,王暢,東漢
p_x80400,p_wangziju,王子駒,西漢
p_x80444,p_wangzizou,王子鄒,西漢
p_x80693,p_liukun_sgl,劉琨,十六國
p_x80844,p_gongzite,公子特,先秦
p_x80846,p_gongziji2,公子旣,先秦
p_x81161,p_wangzibai,王子白,西漢
p_x81300,p_zhaozhaowang,趙昭王,先秦
p_x81622,p_gongzizhuyong,公子燭庸,先秦
p_x81713,p_gongsunfa,公孫發,西漢
p_x82024,p_qiaigong,齊哀公,漢
p_x82046,p_suopan,索泮,十六國
p_x82065,p_gongsunyang,公孫陽,三國
p_x82438,p_boxu,卜珝,十六國
p_x82803,p_wangziyang,王子楊,先秦
p_x82831,p_lichong,李充,東漢
p_x82861,p_yingzhen,應貞,東晉
p_x82945,p_jinmouhou,晉繆侯,漢
p_x83232,p_zhuci,朱伺,東晉
p_x83305,p_dijing,翟景,西漢
p_x83306,p_gongzike_zh,公子渴,先秦
p_x83541,p_gongziwan,公子完,西漢
p_x83597,p_yangjun,楊駿,三國
p_x83654,p_yangxi_sg,楊戲,三國
p_x83693,p_gongzijing_sg,公子京,三國
p_x83770,p_dingkuan,丁寬,西漢
p_x83832,p_tonghui,童恢,東漢
p_x83999,p_fengba,馮跋,十六國
p_x84306,p_buxiong,步熊,十六國
p_x84400,p_xiongyuan,熊遠,東晉
p_x84850,p_feizhi,費直,西漢
p_x84932,p_murongnong,慕容農,晉
p_x84945,p_suoxi,索襲,東晉
p_x84950,p_licai,李蔡,東漢
p_x85336,p_hepan,何攀,東晉
p_x85467,p_gongzizheng,公子整,三國
p_x85508,p_qiyanhou,齊嚴侯,先秦
p_x85597,p_yingengshi,尹更始,西漢
p_x85711,p_gongzixisi,公子奚斯,西漢
p_x85749,p_zhangfu,張輔,西晉
p_x85915,p_jinchenghou,晉成侯,先秦
p_x86714,p_tengdaogong,滕悼公,先秦
p_x86775,p_weilang,魏朗,東漢
p_x86906,p_gongzikaifang,公子開方,先秦
p_x86931,p_gongsunchai,公孫蠆,晉
p_x86961,p_wangzifu,王子服,三國
p_x87068,p_zhangyi2,張翼,三國
p_x87125,p_liuer,劉鮞,東晉
p_x87142,p_gongsunfang,公孫方,三國
p_x87173,p_yinyi,殷顗,東晉
p_x87546,p_wangzilun,王子論,西漢
p_x87842,p_changshanxiaowang,常山孝王,晉
p_x87876,p_gongzisong,公子宋,西漢
p_x87921,p_duyu,杜預,三國
p_x87931,p_peiyi,裴嶷,三國
p_x88020,p_zuti,祖逖,十六國
p_x88363,p_zhangxing,張興,東漢
p_x88425,p_lvqiang,呂強,東漢
p_x88864,p_wangziying,王子英,先秦
p_x88918,p_mibuqi,宓不齊,春秋
p_x89057,p_baojing,鮑靚,十六國
p_x89215,p_gongzisui,公子遂,西漢
p_x89318,p_qiyingong,杞隱公,先秦
p_x89924,p_bingyu,邴鬱,東晉
p_x89981,p_qihugong,齊胡公,先秦
p_x89987,p_liuju,劉矩,東漢
p_x90042,p_luxiaowang,魯孝王,漢
p_x90224,p_chenzhen_sg,陳震,三國
p_x90478,p_xunxu,荀勖,東晉
p_x90501,p_moubo,繆播,西晉
p_x90589,p_qinligonggong,秦厲共公,漢
p_x90603,p_liuyin_js,劉殷,東晉
p_x90750,p_chenmingong_hhs,陳閔公,漢
p_x90768,p_gongsunpan,公孫叛,東漢
p_x90769,p_sumao,蘇茂,東漢
p_x91045,p_zuoguan,左悺,東漢
p_x91118,p_chunyuqiong,淳于瓊,東漢
p_x91215,p_jiashu,賈淑,東漢
p_x91386,p_songxian,宋纖,東晉
p_x91442,p_kongxi,孔僖,東漢
p_x91574,p_erliang,兒良,西漢
p_x91806,p_liushen,劉沈,東晉
p_x92238,p_hanyou,韓友,十六國
p_x92426,p_gongsundu_hhs,公孫度,東漢
p_x92603,p_xunsong,荀崧,東晉
p_x93023,p_zangba,臧霸,東漢
p_x93244,p_gongsunliu,公孫劉,西漢
p_x93564,p_qitianchang,齊田常,先秦
p_x93579,p_jishao,嵇紹,東晉
p_x93598,p_chenshu,陳術,三國
p_x93762,p_xujing_hhs,許荊,東漢
p_x93818,p_xijian,郗鑒,東晉
p_x93898,p_jinhuaigong,晉懷公,先秦
p_x93941,p_zhoukan,周堪,西漢
p_x94172,p_sushun,蘇順,東漢
p_x94177,p_yinxun,尹勳,東漢
p_x94321,p_xuehan,薛漢,東漢
p_x94824,p_xushang,徐尚,西漢
p_x94860,p_jingluan,景鸞,東漢
p_x95203,p_wangziying_hs,王子郢,西漢
p_x95249,p_xiatong,夏統,東晉
p_x95645,p_zhaojian,趙戩,東漢
p_x95646,p_hanbo,韓伯,東晉
p_x95681,p_zhaozier,趙子兒,西漢
p_x95685,p_ranru,冉孺,春秋
p_x95723,p_gongzizhao,公子招,西漢
p_x95767,p_gongsungui_hs,公孫歸,西漢
p_x95769,p_lvqian,呂虔,東漢
p_x95842,p_yangfeng,楊奉,東漢
p_x97013,p_tiansheng,田盛,東漢
p_x97986,p_luxiangong,魯獻公,先秦
p_x98089,p_niuhan,牛邯,東漢
p_x98130,p_zhiyu,摯虞,上古
p_x98162,p_caipinghou,蔡平侯,先秦
p_x98425,p_gongsunkun,公孫昆,西漢
p_x98681,p_wangfu_hhs,王甫,東漢
p_x98718,p_shenjin,沈勁,東晉
p_x98724,p_renkai,任愷,東晉
p_x99456,p_suojing,索靖,西晉
p_x99849,p_hewuji,何無忌,晉
p_x99855,p_shuxi,束晳,上古
